﻿[{
	"物品名称": "千年灵芝",
	"物品序号": 14,
	"物品说明": "灵芝仙草，长生不老",
	"需内力": 0,
	"加生命": 300,
	"加血量": 300,
	"加中毒解毒": -100,
	"加体力": 0,
	"加内力": 200,
	"加功力": 200,
	"加抗毒": 0,
	"出售价格": 1000,
	"解除状态": "全部",
	"修炼秘籍": ""
},
{
	"物品名称": "仙境蟠桃",
	"物品序号": 15,
	"物品说明": "神话中的仙桃",
	"需内力": 0,
	"加生命": 0,
	"加血量": 0,
	"加中毒解毒": -100,
	"加体力": 0,
	"加内力": 500,
	"加功力": 500,
	"加抗毒": 0,
	"出售价格": 1000,
	"解除状态": "全部",
	"修炼秘籍": ""
},
{
	"物品名称": "千年人参",
	"物品序号": 16,
	"物品说明": "固本培元，起死回生",
	"需内力": 0,
	"加生命": 500,
	"加血量": 500,
	"加中毒解毒": -100,
	"加体力": 0,
	"加内力": 0,
	"加功力": 0,
	"加抗毒": 0,
	"出售价格": 1000,
	"解除状态": "全部",
	"修炼秘籍": ""
},
{
	"物品名称": "天山雪莲",
	"物品序号": 17,
	"物品说明": "灵药，产于天山",
	"需内力": 0,
	"加生命": 200,
	"加血量": 200,
	"加中毒解毒": -100,
	"加体力": 0,
	"加内力": 300,
	"加功力": 300,
	"加抗毒": 50,
	"出售价格": 1000,
	"解除状态": "全部",
	"修炼秘籍": ""
},
{
	"物品名称": "玉蜂浆",
	"物品序号": 18,
	"物品说明": "古墓派饲养玉峰的蜂蜜",
	"需内力": 0,
	"加生命": 0,
	"加血量": 20,
	"加中毒解毒": 0,
	"加体力": 0,
	"加内力": 0,
	"加功力": 0,
	"加抗毒": 0,
	"出售价格": 20,
	"解除状态": "厌食",
	"修炼秘籍": ""
},
{
	"物品名称": "菩斯曲蛇胆",
	"物品序号": 19,
	"物品说明": "菩斯曲蛇之胆，提升内力",
	"需内力": 0,
	"加生命": 0,
	"加血量": 0,
	"加中毒解毒": 0,
	"加体力": 0,
	"加内力": 50,
	"加功力": 50,
	"加抗毒": 5,
	"出售价格": 100,
	"解除状态": "剧毒",
	"修炼秘籍": ""
},
{
	"物品名称": "碧血金蟾",
	"物品序号": 20,
	"物品说明": "服之可添十年功力",
	"需内力": 0,
	"加生命": 0,
	"加血量": 0,
	"加中毒解毒": 0,
	"加体力": 0,
	"加内力": 0,
	"加功力": 1000,
	"加抗毒": 0,
	"出售价格": 2000,
	"解除状态": "全部",
	"修炼秘籍": ""
},
{
	"物品名称": "朱睛冰蟾",
	"物品序号": 21,
	"物品说明": "雪山灵兽，治伤解毒",
	"需内力": 0,
	"加生命": 0,
	"加血量": 0,
	"加中毒解毒": -100,
	"加体力": 0,
	"加内力": 0,
	"加功力": 0,
	"加抗毒": 200,
	"出售价格": 1000,
	"解除状态": "全部",
	"修炼秘籍": ""
},
{
	"物品名称": "玉笛谁家听落梅",
	"物品序号": 22,
	"物品说明": "炙牛肉条，天下第一名菜",
	"需内力": 0,
	"加生命": 0,
	"加血量": 20,
	"加中毒解毒": 0,
	"加体力": 0,
	"加内力": 0,
	"加功力": 0,
	"加抗毒": 0,
	"出售价格": 50,
	"解除状态": "厌食",
	"修炼秘籍": "桃园食单"
},
{
	"物品名称": "参阳玉酒",
	"物品序号": 23,
	"物品说明": "雪山派名酒",
	"需内力": 0,
	"加生命": 0,
	"加血量": 0,
	"加中毒解毒": 0,
	"加体力": 0,
	"加内力": 0,
	"加功力": 10,
	"加抗毒": 0,
	"出售价格": 30,
	"解除状态": "虛弱",
	"修炼秘籍": "五仙酒经"
},
{
	"物品名称": "女贞陈绍酒",
	"物品序号": 24,
	"物品说明": "六合丁家名酒",
	"需内力": 0,
	"加生命": 0,
	"加血量": 0,
	"加中毒解毒": 0,
	"加体力": 0,
	"加内力": 0,
	"加功力": 15,
	"加抗毒": 0,
	"出售价格": 40,
	"解除状态": "内伤",
	"修炼秘籍": "五仙酒经"
},
{
	"物品名称": "雄黄药酒",
	"物品序号": 25,
	"物品说明": "神龙教名酒",
	"需内力": 0,
	"加生命": 0,
	"加血量": 0,
	"加中毒解毒": 0,
	"加体力": 0,
	"加内力": 0,
	"加功力": 20,
	"加抗毒": 0,
	"出售价格": 50,
	"解除状态": "剧毒",
	"修炼秘籍": "五仙酒经"
},
{
	"物品名称": "琥珀碧梨酒",
	"物品序号": 26,
	"物品说明": "昆仑派名酒",
	"需内力": 0,
	"加生命": 0,
	"加血量": 0,
	"加中毒解毒": 0,
	"加体力": 0,
	"加内力": 0,
	"加功力": 5,
	"加抗毒": 0,
	"出售价格": 20,
	"解除状态": "厌食",
	"修炼秘籍": "五仙酒经"
},
{
	"物品名称": "参仙药蛇",
	"物品序号": 27,
	"物品说明": "参仙老怪的药蛇，殷红如血",
	"需内力": 0,
	"加生命": 0,
	"加血量": 0,
	"加中毒解毒": 0,
	"加体力": 0,
	"加内力": 0,
	"加功力": 2000,
	"加抗毒": 100,
	"出售价格": -1,
	"解除状态": "虛弱",
	"修炼秘籍": ""
},
{
	"物品名称": "烈火丹",
	"物品序号": 28,
	"物品说明": "侠客岛奇药，增加内力",
	"需内力": 0,
	"加生命": 0,
	"加血量": 0,
	"加中毒解毒": 100,
	"加体力": 0,
	"加内力": 40,
	"加功力": 40,
	"加抗毒": 0,
	"出售价格": -1,
	"解除状态": "剧毒",
	"修炼秘籍": "侠客岛秘籍"
},
{
	"物品名称": "九九丸",
	"物品序号": 29,
	"物品说明": "侠客岛奇药，增加生命",
	"需内力": 0,
	"加生命": 40,
	"加血量": 40,
	"加中毒解毒": 100,
	"加体力": 0,
	"加内力": 0,
	"加功力": 0,
	"加抗毒": 0,
	"出售价格": -1,
	"解除状态": "剧毒",
	"修炼秘籍": "侠客岛秘籍"
},
{
	"物品名称": "腊八粥",
	"物品序号": 30,
	"物品说明": "侠客岛灵药",
	"需内力": 0,
	"加生命": 0,
	"加血量": 60,
	"加中毒解毒": 0,
	"加体力": 0,
	"加内力": 0,
	"加功力": 60,
	"加抗毒": 0,
	"出售价格": -1,
	"解除状态": "虛弱",
	"修炼秘籍": "侠客岛秘籍"
},
{
	"物品名称": "金创药",
	"物品序号": 100,
	"物品说明": "常见伤药",
	"需内力": 0,
	"加生命": 200,
	"加血量": 0,
	"加中毒解毒": 0,
	"加体力": 0,
	"加内力": 0,
	"加功力": 0,
	"加抗毒": 0,
	"出售价格": 30,
	"解除状态": "重伤",
	"修炼秘籍": "昆仑药理"
},
{
	"物品名称": "少阳丹",
	"物品序号": 101,
	"物品说明": "昆仑派伤药",
	"需内力": 0,
	"加生命": 500,
	"加血量": 0,
	"加中毒解毒": 0,
	"加体力": 0,
	"加内力": 250,
	"加功力": 0,
	"加抗毒": 0,
	"出售价格": 30,
	"解除状态": "重伤",
	"修炼秘籍": "昆仑药理"
},
{
	"物品名称": "玉真散",
	"物品序号": 102,
	"物品说明": "华山派伤药",
	"需内力": 0,
	"加生命": 250,
	"加血量": 0,
	"加中毒解毒": 0,
	"加体力": 0,
	"加内力": 500,
	"加功力": 0,
	"加抗毒": 0,
	"出售价格": 30,
	"解除状态": "内伤",
	"修炼秘籍": "华山药理"
},
{
	"物品名称": "人参养荣丸",
	"物品序号": 103,
	"物品说明": "三才剑汤沛的伤药",
	"需内力": 0,
	"加生命": 500,
	"加血量": 0,
	"加中毒解毒": 0,
	"加体力": 0,
	"加内力": 1000,
	"加功力": 0,
	"加抗毒": 0,
	"出售价格": 50,
	"解除状态": "虛弱",
	"修炼秘籍": "全真药理"
},
{
	"物品名称": "九转灵宝丸",
	"物品序号": 104,
	"物品说明": "全真派伤药",
	"需内力": 0,
	"加生命": 1000,
	"加血量": 0,
	"加中毒解毒": 0,
	"加体力": 0,
	"加内力": 500,
	"加功力": 0,
	"加抗毒": 0,
	"出售价格": 50,
	"解除状态": "内伤",
	"修炼秘籍": "全真药理"
},
{
	"物品名称": "茯苓首乌丸",
	"物品序号": 105,
	"物品说明": "凤阳总督马士英秘制灵药",
	"需内力": 0,
	"加生命": 1000,
	"加血量": 0,
	"加中毒解毒": 0,
	"加体力": 0,
	"加内力": 1000,
	"加功力": 0,
	"加抗毒": 0,
	"出售价格": 80,
	"解除状态": "虛弱",
	"修炼秘籍": "华山药理"
},
{
	"物品名称": "牛黄犀角散",
	"物品序号": 106,
	"物品说明": "胡青牛制灵药",
	"需内力": 0,
	"加生命": 1500,
	"加血量": 0,
	"加中毒解毒": 0,
	"加体力": 0,
	"加内力": 1500,
	"加功力": 0,
	"加抗毒": 0,
	"出售价格": 150,
	"解除状态": "",
	"修炼秘籍": "子午针灸经"
},
{
	"物品名称": "百合散",
	"物品序号": 107,
	"物品说明": "胡青牛制解毒药",
	"需内力": 0,
	"加生命": 0,
	"加血量": 0,
	"加中毒解毒": -100,
	"加体力": 0,
	"加内力": 0,
	"加功力": 0,
	"加抗毒": 0,
	"出售价格": 50,
	"解除状态": "",
	"修炼秘籍": "子午针灸经"
},
{
	"物品名称": "生生造化丸",
	"物品序号": 108,
	"物品说明": "药王门秘药",
	"需内力": 0,
	"加生命": 0,
	"加血量": 0,
	"加中毒解毒": 0,
	"加体力": 30,
	"加内力": 0,
	"加功力": 0,
	"加抗毒": 0,
	"出售价格": 60,
	"解除状态": "虛弱",
	"修炼秘籍": "药王神篇"
},
{
	"物品名称": "通犀地龙丸",
	"物品序号": 109,
	"物品说明": "西域密制，抗毒",
	"需内力": 0,
	"加生命": 0,
	"加血量": 0,
	"加中毒解毒": 0,
	"加体力": 0,
	"加内力": 0,
	"加功力": 0,
	"加抗毒": 20,
	"出售价格": 100,
	"解除状态": "剧毒",
	"修炼秘籍": "五毒秘传"
},
{
	"物品名称": "天王保命丹",
	"物品序号": 110,
	"物品说明": "神龙岛伤药",
	"需内力": 0,
	"加生命": 1500,
	"加血量": 0,
	"加中毒解毒": 0,
	"加体力": 0,
	"加内力": 0,
	"加功力": 0,
	"加抗毒": 0,
	"出售价格": 50,
	"解除状态": "重伤",
	"修炼秘籍": "神龙秘籍"
},
{
	"物品名称": "雪参玉蟾丸",
	"物品序号": 111,
	"物品说明": "神龙岛灵药",
	"需内力": 0,
	"加生命": 0,
	"加血量": 0,
	"加中毒解毒": 0,
	"加体力": 0,
	"加内力": 1500,
	"加功力": 0,
	"加抗毒": 0,
	"出售价格": 50,
	"解除状态": "内伤",
	"修炼秘籍": "神龙秘籍"
},
{
	"物品名称": "豹胎易筋丸",
	"物品序号": 112,
	"物品说明": "神龙岛奇药",
	"需内力": 0,
	"加生命": 1500,
	"加血量": 0,
	"加中毒解毒": 100,
	"加体力": 15,
	"加内力": 0,
	"加功力": 0,
	"加抗毒": 0,
	"出售价格": 50,
	"解除状态": "",
	"修炼秘籍": "神龙秘籍"
},
{
	"物品名称": "百花腹蛇膏",
	"物品序号": 113,
	"物品说明": "神龙岛奇药",
	"需内力": 0,
	"加生命": 0,
	"加血量": 0,
	"加中毒解毒": 100,
	"加体力": -15,
	"加内力": 1500,
	"加功力": 0,
	"加抗毒": 0,
	"出售价格": 50,
	"解除状态": "",
	"修炼秘籍": "神龙秘籍"
},
{
	"物品名称": "牛黄血竭丹",
	"物品序号": 114,
	"物品说明": "王难姑制灵药",
	"需内力": 0,
	"加生命": 0,
	"加血量": 0,
	"加中毒解毒": -50,
	"加体力": 0,
	"加内力": 0,
	"加功力": 0,
	"加抗毒": 0,
	"出售价格": 50,
	"解除状态": "",
	"修炼秘籍": "王难姑毒经"
},
{
	"物品名称": "玉龙苏合散",
	"物品序号": 115,
	"物品说明": "王难姑制灵药",
	"需内力": 0,
	"加生命": 0,
	"加血量": 0,
	"加中毒解毒": -50,
	"加体力": 0,
	"加内力": 500,
	"加功力": 0,
	"加抗毒": 0,
	"出售价格": 50,
	"解除状态": "",
	"修炼秘籍": "王难姑毒经"
},
{
	"物品名称": "断筋腐骨丸",
	"物品序号": 116,
	"物品说明": "逍遥派毒药",
	"需内力": 0,
	"加生命": 2000,
	"加血量": 0,
	"加中毒解毒": 100,
	"加体力": 0,
	"加内力": 0,
	"加功力": 0,
	"加抗毒": 0,
	"出售价格": 100,
	"解除状态": "",
	"修炼秘籍": "神木王鼎"
},
{
	"物品名称": "天香续断胶",
	"物品序号": 117,
	"物品说明": "恒山派伤药",
	"需内力": 0,
	"加生命": 500,
	"加血量": 0,
	"加中毒解毒": 0,
	"加体力": 0,
	"加内力": 0,
	"加功力": 0,
	"加抗毒": 0,
	"出售价格": 60,
	"解除状态": "重伤",
	"修炼秘籍": "恒山药理"
},
{
	"物品名称": "白云熊胆丸",
	"物品序号": 118,
	"物品说明": "恒山派灵药",
	"需内力": 0,
	"加生命": 0,
	"加血量": 0,
	"加中毒解毒": 0,
	"加体力": 0,
	"加内力": 500,
	"加功力": 0,
	"加抗毒": 0,
	"出售价格": 60,
	"解除状态": "内伤",
	"修炼秘籍": "恒山药理"
},
{
	"物品名称": "回阳五龙膏",
	"物品序号": 119,
	"物品说明": "崆峒派伤药",
	"需内力": 0,
	"加生命": 500,
	"加血量": 0,
	"加中毒解毒": 0,
	"加体力": 0,
	"加内力": 0,
	"加功力": 0,
	"加抗毒": 0,
	"出售价格": 20,
	"解除状态": "",
	"修炼秘籍": "崆峒药理"
},
{
	"物品名称": "玉洞黑石丹",
	"物品序号": 120,
	"物品说明": "崆峒派伤药",
	"需内力": 0,
	"加生命": 0,
	"加血量": 0,
	"加中毒解毒": 0,
	"加体力": 0,
	"加内力": 500,
	"加功力": 0,
	"加抗毒": 0,
	"出售价格": 20,
	"解除状态": "",
	"修炼秘籍": "崆峒药理"
},
{
	"物品名称": "无常丹",
	"物品序号": 121,
	"物品说明": "桃花岛伤药",
	"需内力": 0,
	"加生命": 1000,
	"加血量": 0,
	"加中毒解毒": 0,
	"加体力": 0,
	"加内力": 0,
	"加功力": 0,
	"加抗毒": 0,
	"出售价格": 40,
	"解除状态": "内伤",
	"修炼秘籍": "桃花药理"
},
{
	"物品名称": "九花玉露丸",
	"物品序号": 122,
	"物品说明": "桃花岛灵药",
	"需内力": 0,
	"加生命": 0,
	"加血量": 0,
	"加中毒解毒": -60,
	"加体力": 20,
	"加内力": 0,
	"加功力": 0,
	"加抗毒": 0,
	"出售价格": 60,
	"解除状态": "剧毒",
	"修炼秘籍": "桃花药理"
},
{
	"物品名称": "田七鲨胆散",
	"物品序号": 123,
	"物品说明": "桃花岛灵药",
	"需内力": 0,
	"加生命": 0,
	"加血量": 0,
	"加中毒解毒": 0,
	"加体力": 0,
	"加内力": 1000,
	"加功力": 0,
	"加抗毒": 0,
	"出售价格": 40,
	"解除状态": "内伤",
	"修炼秘籍": "桃花药理"
},
{
	"物品名称": "天心解毒丹",
	"物品序号": 124,
	"物品说明": "武当派解毒灵药",
	"需内力": 0,
	"加生命": 0,
	"加血量": 0,
	"加中毒解毒": -50,
	"加体力": 0,
	"加内力": 0,
	"加功力": 0,
	"加抗毒": 0,
	"出售价格": 40,
	"解除状态": "剧毒",
	"修炼秘籍": "武当药理"
},
{
	"物品名称": "白虎夺命丹",
	"物品序号": 125,
	"物品说明": "武当派灵药",
	"需内力": 0,
	"加生命": 1500,
	"加血量": 0,
	"加中毒解毒": 0,
	"加体力": 0,
	"加内力": 0,
	"加功力": 0,
	"加抗毒": 0,
	"出售价格": 40,
	"解除状态": "内伤",
	"修炼秘籍": "武当药理"
},
{
	"物品名称": "天王护心丹",
	"物品序号": 126,
	"物品说明": "武当派灵药",
	"需内力": 0,
	"加生命": 500,
	"加血量": 0,
	"加中毒解毒": 0,
	"加体力": 0,
	"加内力": 500,
	"加功力": 0,
	"加抗毒": 0,
	"出售价格": 60,
	"解除状态": "",
	"修炼秘籍": "武当药理"
},
{
	"物品名称": "三黄宝腊丸",
	"物品序号": 127,
	"物品说明": "武当派灵药",
	"需内力": 0,
	"加生命": 0,
	"加血量": 0,
	"加中毒解毒": 0,
	"加体力": 0,
	"加内力": 1000,
	"加功力": 0,
	"加抗毒": 0,
	"出售价格": 40,
	"解除状态": "",
	"修炼秘籍": "武当药理"
},
{
	"物品名称": "黑玉断续膏",
	"物品序号": 128,
	"物品说明": "金刚门伤药",
	"需内力": 0,
	"加生命": 1000,
	"加血量": 0,
	"加中毒解毒": 0,
	"加体力": 0,
	"加内力": 0,
	"加功力": 0,
	"加抗毒": 0,
	"出售价格": 150,
	"解除状态": "内伤",
	"修炼秘籍": "金刚药理"
},
{
	"物品名称": "六阳正气丹",
	"物品序号": 129,
	"物品说明": "少林寺解毒灵药",
	"需内力": 0,
	"加生命": 0,
	"加血量": 0,
	"加中毒解毒": -100,
	"加体力": 0,
	"加内力": 0,
	"加功力": 0,
	"加抗毒": 0,
	"出售价格": 60,
	"解除状态": "剧毒",
	"修炼秘籍": "少林药理"
},
{
	"物品名称": "玉灵散",
	"物品序号": 130,
	"物品说明": "少林寺伤药",
	"需内力": 0,
	"加生命": 0,
	"加血量": 0,
	"加中毒解毒": 0,
	"加体力": 0,
	"加内力": 1500,
	"加功力": 0,
	"加抗毒": 0,
	"出售价格": 60,
	"解除状态": "",
	"修炼秘籍": "少林药理"
},
{
	"物品名称": "九转回春汤",
	"物品序号": 131,
	"物品说明": "少林寺伤药",
	"需内力": 0,
	"加生命": 1500,
	"加血量": 0,
	"加中毒解毒": 0,
	"加体力": 0,
	"加内力": 0,
	"加功力": 0,
	"加抗毒": 0,
	"出售价格": 60,
	"解除状态": "",
	"修炼秘籍": "少林药理"
},
{
	"物品名称": "大还丹",
	"物品序号": 132,
	"物品说明": "少林寺伤药",
	"需内力": 0,
	"加生命": 1000,
	"加血量": 0,
	"加中毒解毒": 0,
	"加体力": 0,
	"加内力": 500,
	"加功力": 0,
	"加抗毒": 0,
	"出售价格": 60,
	"解除状态": "内伤",
	"修炼秘籍": "少林药理"
},
{
	"物品名称": "镇心理气丸",
	"物品序号": 133,
	"物品说明": "平一指制伤药",
	"需内力": 0,
	"加生命": 0,
	"加血量": 0,
	"加中毒解毒": 0,
	"加体力": 0,
	"加内力": 2000,
	"加功力": 0,
	"加抗毒": 0,
	"出售价格": 100,
	"解除状态": "封气",
	"修炼秘籍": "日月药理"
},
{
	"物品名称": "续命八丸",
	"物品序号": 134,
	"物品说明": "平一指制伤药",
	"需内力": 0,
	"加生命": 1500,
	"加血量": 0,
	"加中毒解毒": 0,
	"加体力": 0,
	"加内力": 0,
	"加功力": 0,
	"加抗毒": 0,
	"出售价格": 100,
	"解除状态": "内伤",
	"修炼秘籍": "日月药理"
},
{
	"物品名称": "三尸脑神丹",
	"物品序号": 135,
	"物品说明": "日月教秘药",
	"需内力": 0,
	"加生命": 1500,
	"加血量": 0,
	"加中毒解毒": 100,
	"加体力": 15,
	"加内力": 1500,
	"加功力": 0,
	"加抗毒": 0,
	"出售价格": 100,
	"解除状态": "",
	"修炼秘籍": "日月药理"
},
{
	"物品名称": "九转熊蛇丸",
	"物品序号": 136,
	"物品说明": "逍遥派秘药",
	"需内力": 0,
	"加生命": 3000,
	"加血量": 0,
	"加中毒解毒": 0,
	"加体力": 20,
	"加内力": 1000,
	"加功力": 0,
	"加抗毒": 0,
	"出售价格": 200,
	"解除状态": "封气",
	"修炼秘籍": "逍遥药理"
},
{
	"物品名称": "叫花鸡",
	"物品序号": 659,
	"物品说明": "泥土和荷叶包裹烘烤的鸡",
	"需内力": 0,
	"加生命": 0,
	"加血量": 20,
	"加中毒解毒": 0,
	"加体力": 0,
	"加内力": 0,
	"加功力": 0,
	"加抗毒": 0,
	"出售价格": 50,
	"解除状态": "虛弱",
	"修炼秘籍": "桃园食单"
},
{
	"物品名称": "火蟾",
	"物品序号": 673,
	"物品说明": "冰火岛的火蟾，可治寒毒",
	"需内力": 8000,
	"加生命": 0,
	"加血量": 0,
	"加中毒解毒": -100,
	"加体力": 0,
	"加内力": 1000,
	"加功力": 1000,
	"加抗毒": 0,
	"出售价格": -1,
	"解除状态": "全部",
	"修炼秘籍": ""
},
{
	"物品名称": "明尊舍利",
	"物品序号": 699,
	"物品说明": "前代拜火教主的毕生精华",
	"需内力": 0,
	"加生命": 0,
	"加血量": 0,
	"加中毒解毒": 0,
	"加体力": 0,
	"加内力": 4000,
	"加功力": 4000,
	"加抗毒": 0,
	"出售价格": -1,
	"解除状态": "",
	"修炼秘籍": ""
},
{
	"物品名称": "七虫七花膏",
	"物品序号": 717,
	"物品说明": "七虫七花捣烂煎熬而成",
	"需内力": 0,
	"加生命": 500,
	"加血量": 0,
	"加中毒解毒": 100,
	"加体力": -10,
	"加内力": 500,
	"加功力": 0,
	"加抗毒": 0,
	"出售价格": 50,
	"解除状态": "",
	"修炼秘籍": "王难姑毒经"
},
{
	"物品名称": "五毒失心散",
	"物品序号": 722,
	"物品说明": "丐帮毒药，五毒炼制",
	"需内力": 0,
	"加生命": 1000,
	"加血量": 0,
	"加中毒解毒": 50,
	"加体力": -10,
	"加内力": 1000,
	"加功力": 0,
	"加抗毒": 0,
	"出售价格": 40,
	"解除状态": "",
	"修炼秘籍": "五毒秘传"
},
{
	"物品名称": "",
	"物品序号": 0,
	"物品说明": "",
	"需内力": 0,
	"加生命": 0,
	"加血量": 0,
	"加中毒解毒": 0,
	"加体力": 0,
	"加内力": 0,
	"加功力": 0,
	"加抗毒": 0,
	"出售价格": 0,
	"解除状态": "",
	"修炼秘籍": ""
},
{
	"物品序号": "0",
	"物品名称": "铁莲子",
	"物品说明": "常见暗器",
	"需暗毒": "20",
	"加生命": "-100",
	"加中毒解毒": "",
	"出售价格": "10",
	"附加状态": "",
	"附加状态几率": "",
	"状态持续回合": ""
},
{
	"物品序号": "1",
	"物品名称": "菩提子",
	"物品说明": "常见暗器",
	"需暗毒": "20",
	"加生命": "-100",
	"加中毒解毒": "",
	"出售价格": "10",
	"附加状态": "",
	"附加状态几率": "",
	"状态持续回合": ""
},
{
	"物品序号": "2",
	"物品名称": "飞蝗石",
	"物品说明": "常见暗器",
	"需暗毒": "20",
	"加生命": "-100",
	"加中毒解毒": "",
	"出售价格": "10",
	"附加状态": "定身",
	"附加状态几率": "5",
	"状态持续回合": "1"
},
{
	"物品序号": "3",
	"物品名称": "蝎尾镖",
	"物品说明": "铁网帮暗器",
	"需暗毒": "40",
	"加生命": "-200",
	"加中毒解毒": "10",
	"出售价格": "20",
	"附加状态": "",
	"附加状态几率": "",
	"状态持续回合": ""
},
{
	"物品序号": "4",
	"物品名称": "透骨锥",
	"物品说明": "南希仁暗器",
	"需暗毒": "40",
	"加生命": "-200",
	"加中毒解毒": "10",
	"出售价格": "20",
	"附加状态": "",
	"附加状态几率": "",
	"状态持续回合": ""
},
{
	"物品序号": "5",
	"物品名称": "断魂蜈蚣镖",
	"物品说明": "河西吴一氓成名暗器",
	"需暗毒": "40",
	"加生命": "-200",
	"加中毒解毒": "",
	"出售价格": "20",
	"附加状态": "重伤",
	"附加状态几率": "5",
	"状态持续回合": "1"
},
{
	"物品序号": "6",
	"物品名称": "牛毛针",
	"物品说明": "碧磷洞桑土公暗器",
	"需暗毒": "60",
	"加生命": "-300",
	"加中毒解毒": "30",
	"出售价格": "30",
	"附加状态": "",
	"附加状态几率": "",
	"状态持续回合": ""
},
{
	"物品序号": "7",
	"物品名称": "追命毒龙锥",
	"物品说明": "天龙门暗器",
	"需暗毒": "60",
	"加生命": "-300",
	"加中毒解毒": "20",
	"出售价格": "30",
	"附加状态": "剧毒",
	"附加状态几率": "5",
	"状态持续回合": "1"
},
{
	"物品序号": "8",
	"物品名称": "桃花瘴",
	"物品说明": "药王门独门暗器",
	"需暗毒": "60",
	"加生命": "-300",
	"加中毒解毒": "20",
	"出售价格": "30",
	"附加状态": "定身",
	"附加状态几率": "20",
	"状态持续回合": "2"
},
{
	"物品序号": "9",
	"物品名称": "琵琶钉",
	"物品说明": "洛阳韩家暗器",
	"需暗毒": "80",
	"加生命": "-400",
	"加中毒解毒": "",
	"出售价格": "40",
	"附加状态": "",
	"附加状态几率": "",
	"状态持续回合": ""
},
{
	"物品序号": "10",
	"物品名称": "青蜂钉",
	"物品说明": "青城派暗器",
	"需暗毒": "80",
	"加生命": "-400",
	"加中毒解毒": "",
	"出售价格": "40",
	"附加状态": "",
	"附加状态几率": "",
	"状态持续回合": ""
},
{
	"物品序号": "11",
	"物品名称": "天王补心针",
	"物品说明": "蓬莱派暗器",
	"需暗毒": "80",
	"加生命": "-400",
	"加中毒解毒": "",
	"出售价格": "40",
	"附加状态": "",
	"附加状态几率": "",
	"状态持续回合": ""
},
{
	"物品序号": "12",
	"物品名称": "鬼蝙蝠",
	"物品说明": "药王门独门暗器",
	"需暗毒": "100",
	"加生命": "-500",
	"加中毒解毒": "20",
	"出售价格": "50",
	"附加状态": "",
	"附加状态几率": "",
	"状态持续回合": ""
},
{
	"物品序号": "13",
	"物品名称": "梅花毒镖",
	"物品说明": "金刚门改制暗器",
	"需暗毒": "100",
	"加生命": "-500",
	"加中毒解毒": "20",
	"出售价格": "50",
	"附加状态": "剧毒",
	"附加状态几率": "30",
	"状态持续回合": "2"
},
{
	"物品序号": "718",
	"物品名称": "金波旬花",
	"物品说明": "天竺毒花，人称“恶魔花”",
	"需暗毒": "120",
	"加生命": "-600",
	"加中毒解毒": "30",
	"出售价格": "60",
	"附加状态": "剧毒",
	"附加状态几率": "50",
	"状态持续回合": "3"
},
{
	"物品序号": "719",
	"物品名称": "情花",
	"物品说明": "花刺有毒，动情则苦",
	"需暗毒": "120",
	"加生命": "-600",
	"加中毒解毒": "30",
	"出售价格": "60",
	"附加状态": "虛弱",
	"附加状态几率": "50",
	"状态持续回合": "3"
}]