﻿[{
	"技能编号": "780",
	"名称": "蕙质兰心",
	"效果说明": "给队友喂药"
},
{
	"技能编号": "781",
	"名称": "风云再起",
	"效果说明": "两次行动"
},
{
	"技能编号": "782",
	"名称": "入神坐照",
	"效果说明": "被击退后原地满状态复活1次"
},
{
	"技能编号": "783",
	"名称": "返璞归真",
	"效果说明": "左右互博威力100%不减少，双击伤害100%不减少"
},
{
	"技能编号": "784",
	"名称": "凤凰涅槃",
	"效果说明": "当前生命75%，伤害150%，当前生命50%，伤害200%；当前生命25%，伤害250%"
},
{
	"技能编号": "785",
	"名称": "无我无剑",
	"效果说明": "被攻击时先手反击对方"
},
{
	"技能编号": "786",
	"名称": "天灵剑幻",
	"效果说明": "每次攻击必命中"
},
{
	"技能编号": "787",
	"名称": "怜香惜玉",
	"效果说明": "对女性人物攻击伤害*80%，被女性人物攻击伤害*80%"
},
{
	"技能编号": "788",
	"名称": "芳兰竟体",
	"效果说明": "被男性人物攻击伤害*80%"
},
{
	"技能编号": "789",
	"名称": "天子龙气",
	"效果说明": "战场上若有其他本方人物，被击退后原地满状态复活无限次"
},
{
	"技能编号": "790",
	"名称": "钱可通神",
	"效果说明": "被击退后原地满状态复活1次，敌方金钱数增加最后一击时伤害值的20%"
},
{
	"技能编号": "791",
	"名称": "无天剑境",
	"效果说明": "攻击时对方御剑防御减半，御剑武功威力、命中*115%、外功出招+3%"
},
{
	"技能编号": "794",
	"名称": "极道归元",
	"效果说明": "被攻击时按自身被攻击伤害100%扣除攻击方生命"
},
{
	"技能编号": "796",
	"名称": "苍空战旗",
	"效果说明": "本方全体每回合两次行动"
},
{
	"技能编号": "797",
	"名称": "长生不息",
	"效果说明": "每回合HP+2000"
},
{
	"技能编号": "798",
	"名称": "灵罡不灭",
	"效果说明": "被攻击时免疫受伤、每回合前受伤值清零"
},
{
	"技能编号": "799",
	"名称": "菩提金身",
	"效果说明": "被暴击时，被攻击伤害*50%"
},
{
	"技能编号": "800",
	"名称": "葵花百劫",
	"效果说明": "战场轻功*200%"
},
{
	"技能编号": "801",
	"名称": "太虚忘情",
	"效果说明": "被双击时，被攻击伤害*50%"
},
{
	"技能编号": "802",
	"名称": "梅花三弄",
	"效果说明": "双击时为三连击"
},
{
	"技能编号": "803",
	"名称": "十步一杀",
	"效果说明": "敌方武常*90%"
},
{
	"技能编号": "804",
	"名称": "万蛊蚀天",
	"效果说明": "攻击用毒必使对方中毒100，被攻击后对方中毒100"
},
{
	"技能编号": "805",
	"名称": "武中无相",
	"效果说明": "无视条件修炼武功秘籍，专属人物书籍除外，性别限制除外"
},
{
	"技能编号": "806",
	"名称": "玲珑璇玑",
	"效果说明": "修炼秘籍时五系2倍成长"
},
{
	"技能编号": "807",
	"名称": "天元剑气",
	"效果说明": "攻击时对方御剑防御零计算，御剑武功威力、命中*120%"
},
{
	"技能编号": "808",
	"名称": "天心莲环",
	"效果说明": "暗器命中率+20%，暗器伤害*200%，被暗器攻击无效，并立刻以该暗器回击对方"
},
{
	"技能编号": "809",
	"名称": "神光流转",
	"效果说明": "每回合本方下一个行动的队友攻击伤害*120%"
},
{
	"技能编号": "810",
	"名称": "无天若水",
	"效果说明": "服药无负面效果，可连续服药"
},
{
	"技能编号": "811",
	"名称": "大略雄才",
	"效果说明": "我方全体攻击伤害*115%"
},
{
	"技能编号": "812",
	"名称": "奇门遁甲",
	"效果说明": "敌方全体攻击命中*85%"
},
{
	"技能编号": "813",
	"名称": "血海飘香",
	"效果说明": "一回合击退一个以上敌人后可且只能再次行动一次"
},
{
	"技能编号": "814",
	"名称": "珠联璧合",
	"效果说明": "双击时攻击必命中"
},
{
	"技能编号": "815",
	"名称": "侠骨丹心",
	"效果说明": "装备武器效果*200%"
},
{
	"技能编号": "816",
	"名称": "云舞霓裳",
	"效果说明": "装备装备时无视任何限制，装备效果*150%，但专属装备除外"
},
{
	"技能编号": "817",
	"名称": "四海归仁",
	"效果说明": "敌方全体攻击伤害*85%"
},
{
	"技能编号": "818",
	"名称": "浮生若梦",
	"效果说明": "休息后解除所有不利状态，中毒与受伤度清零，被医疗效果双倍"
},
{
	"技能编号": "819",
	"名称": "魍魉夜行",
	"效果说明": "对女性人物攻击伤害*120%，被女性人物攻击伤害*120%"
},
{
	"技能编号": "820",
	"名称": "饕餮食仙",
	"效果说明": "服药效果*150%，可连续服药，服药立刻生效"
},
{
	"技能编号": "821",
	"名称": "七星聚会",
	"效果说明": "每回合本方下一个行动的队友攻击命中*110%，暴击、双击+20%"
},
{
	"技能编号": "822",
	"名称": "碧波浩渺",
	"效果说明": "本方全体移动距离+1，每回合气格+1"
},
{
	"技能编号": "823",
	"名称": "志镂金石",
	"效果说明": "攻击命中*120%"
},
{
	"技能编号": "824",
	"名称": "扶摇九霄",
	"效果说明": "战场全屏移动"
},
{
	"技能编号": "825",
	"名称": "圣手回天",
	"效果说明": "医疗和解毒效果双倍、距离双倍，休息后解除所有不利状态，中毒与受伤度清零"
},
{
	"技能编号": "826",
	"名称": "博通百家",
	"效果说明": "我方武常*115%，不能突破周目武常上限"
},
{
	"技能编号": "827",
	"名称": "琵琶别抱",
	"效果说明": "对男性人物攻击伤害*120%"
},
{
	"技能编号": "828",
	"名称": "心有灵犀",
	"效果说明": "修炼秘籍时五系1.5倍成长"
},
{
	"技能编号": "829",
	"名称": "冷刃冰心",
	"效果说明": "被男性人物攻击命中*80%"
},
{
	"技能编号": "830",
	"名称": "逍遥极乐",
	"效果说明": "被攻击损失生命转化为减半损失内力"
},
{
	"技能编号": "831",
	"名称": "贵妃回眸",
	"效果说明": "对男性攻击命中*110%、攻击伤害*110%"
},
{
	"技能编号": "832",
	"名称": "黑风天煞",
	"效果说明": "被攻击伤害*70%，被攻击命中*110%"
},
{
	"技能编号": "833",
	"名称": "镂月裁云",
	"效果说明": "装备防具效果*200%"
},
{
	"技能编号": "834",
	"名称": "断霞千缕",
	"效果说明": "暴击、双击+10%"
},
{
	"技能编号": "835",
	"名称": "天妒英才",
	"效果说明": "攻击命中*90%，暴击、双击+20%"
},
{
	"技能编号": "836",
	"名称": "百兽通灵",
	"效果说明": "装备骑宠效果*200%"
},
{
	"技能编号": "837",
	"名称": "明镜非台",
	"效果说明": "每回合内力+300，被攻击损失生命转化为损失内力"
},
{
	"技能编号": "838",
	"名称": "四大皆空",
	"效果说明": "被女性人物攻击伤害*70%"
},
{
	"技能编号": "839",
	"名称": "慈心佛佑",
	"效果说明": "攻击伤害*90%，被攻击伤害*85%"
},
{
	"技能编号": "840",
	"名称": "明断天启",
	"效果说明": "我方全体攻击命中*115%"
},
{
	"技能编号": "841",
	"名称": "万法自然",
	"效果说明": "我方全体攻击命中*110%，敌方全体攻击命中*90%"
},
{
	"技能编号": "842",
	"名称": "魔道天行",
	"效果说明": "我方全体攻击伤害*110%，敌方全体攻击伤害*90%"
},
{
	"技能编号": "843",
	"名称": "惊才绝世",
	"效果说明": "武功威力、命中*115%，外功出招+3%"
},
{
	"技能编号": "844",
	"名称": "口若悬河",
	"效果说明": "每回合生命+500、内力+500、体力+5、受伤-5"
},
{
	"技能编号": "845",
	"名称": "苦心孤诣",
	"效果说明": "被攻击伤害*90%，每回合生命+500"
},
{
	"技能编号": "846",
	"名称": "迦罗法印",
	"效果说明": "每回合内力+1000、受伤-10"
},
{
	"技能编号": "847",
	"名称": "天降神力",
	"效果说明": "攻击伤害*110%，每回合体力+10"
},
{
	"技能编号": "848",
	"名称": "千骑万军",
	"效果说明": "我方全体每回合恢复满状态"
},
{
	"技能编号": "849",
	"名称": "紫气天罗",
	"效果说明": "攻击造成对方的受伤双倍"
},
{
	"技能编号": "850",
	"名称": "天灵低唱",
	"效果说明": "本方全体每回合内力+1000"
},
{
	"技能编号": "851",
	"名称": "沙场点兵",
	"效果说明": "每回合本方生命+800，受伤度-4"
},
{
	"技能编号": "852",
	"名称": "学究天人",
	"效果说明": "我方全体每回合生命+1000、体力+5、受伤-5、气格+1，自身免疫秒杀变身"
},
{
	"技能编号": "853",
	"名称": "指挥若定",
	"效果说明": "每回合本方生命+400，受伤度-8"
},
{
	"技能编号": "854",
	"名称": "决胜千里",
	"效果说明": "我方全体战场轻功*115%"
},
{
	"技能编号": "855",
	"名称": "御风神行",
	"效果说明": "我方全体移动距离+3"
},
{
	"技能编号": "856",
	"名称": "逆天煌烈",
	"效果说明": "本方人员被击退后，10%概率原地满状态复活1次"
},
{
	"技能编号": "857",
	"名称": "逆啸天潮",
	"效果说明": "我方人员被攻击时，10%概率不受任何伤害"
},
{
	"技能编号": "858",
	"名称": "世战先登",
	"效果说明": "每出战1次，升2级，每周目最高升15级"
},
{
	"技能编号": "859",
	"名称": "剑心通明",
	"效果说明": "每次攻击必双击"
},
{
	"技能编号": "860",
	"名称": "悲酥清风",
	"效果说明": "出战则敌方全体中毒100、内力-2000，每回合气格-1；攻击用毒必使对方中毒100，被攻\n击后对方中毒100；"
},
{
	"技能编号": "861",
	"名称": "千人一面",
	"效果说明": "免疫持续不利状态、秒杀变身、中毒、体力减少、杀内力武功、被杀生命上限"
},
{
	"技能编号": "862",
	"名称": "百草凝魂",
	"效果说明": "医疗时附加清除不良状态"
},
{
	"技能编号": "863",
	"名称": "红粉骷髅",
	"效果说明": "对女性人物攻击伤害*120%，被女性人物攻击伤害*80%"
},
{
	"技能编号": "864",
	"名称": "剑胆琴心",
	"效果说明": "我方全体每回合气格+2"
},
{
	"技能编号": "865",
	"名称": "惊鸿一剑",
	"效果说明": "御剑武功威力、命中*110%，外功出招+3%"
},
{
	"技能编号": "866",
	"名称": "井月锋寒",
	"效果说明": "兵器武功威力、命中*110%，外功出招+3%"
},
{
	"技能编号": "867",
	"名称": "傲世神罡",
	"效果说明": "拳掌武功威力、命中*110%，外功出招+3%"
},
{
	"技能编号": "868",
	"名称": "极封苍黄",
	"效果说明": "指腿武功威力、命中*110%，外功出招+3%"
},
{
	"技能编号": "869",
	"名称": "幻遁寒星",
	"效果说明": "暗毒武功威力、命中*110%，外功出招+3%"
},
{
	"技能编号": "870",
	"名称": "紫曈魔劲",
	"效果说明": "攻击时对方暗毒防御减半，暗毒武功威力*115%、命中*115%、外功出招+3%"
},
{
	"技能编号": "871",
	"名称": "逆刃天隐",
	"效果说明": "攻击时对方兵器防御减半，兵器武功威力*115%、命中*115%、外功出招+3%"
},
{
	"技能编号": "872",
	"名称": "龙遁九冥",
	"效果说明": "攻击时对方指腿防御减半，指腿武功威力*115%、命中*115%、外功出招+3%"
},
{
	"技能编号": "873",
	"名称": "天舞龙狂",
	"效果说明": "攻击时对方拳掌防御减半，拳掌武功威力、命中*115%、外功出招+3%"
},
{
	"技能编号": "874",
	"名称": "冰肌玉骨",
	"效果说明": "被攻击伤害*50%，但不减受伤度"
},
{
	"技能编号": "876",
	"名称": "天域幻音",
	"效果说明": "本方全体免疫秒杀、变身、转化，每回合内力+2000，中毒-99，自身服药效果*200%，\n可连续服药并立刻生效"
},
{
	"技能编号": "877",
	"名称": "天霄逆浪",
	"效果说明": "被敌方攻击命中之后可立即用自身武功对其执行一次额外反击"
},
{
	"技能编号": "878",
	"名称": "枭姬无双",
	"效果说明": "攻击命中后敌方气格-2，10%几率封气"
},
{
	"技能编号": "879",
	"名称": "御尽万钧",
	"效果说明": "攻击命中后对方气格归零"
},
{
	"技能编号": "967",
	"名称": "赤练修罗",
	"效果说明": "自身回合内每击退1个敌人，生命+1000、内力+1000、体力+10、受伤-10"
},
{
	"技能编号": "968",
	"名称": "万花仙梦",
	"效果说明": "每回合本方生命+300、内力+300"
},
{
	"技能编号": "969",
	"名称": "霸世神刀",
	"效果说明": "攻击命中后伤害额外+200，额外伤害不受任何减伤效果影响"
},
{
	"技能编号": "970",
	"名称": "浩然正气",
	"效果说明": "攻击命中、伤害*110%；被攻击命中、伤害*90%"
},
{
	"技能编号": "971",
	"名称": "花开并蒂",
	"效果说明": "双击伤害*120%，双击+20%"
},
{
	"技能编号": "972",
	"名称": "天魔解体",
	"效果说明": "受伤33以上时武功威力*150%，受伤66以上时武功威力*200%"
},
{
	"技能编号": "973",
	"名称": "散魂灭魄",
	"效果说明": "被击退时敌方全体各-1000HP"
},
{
	"技能编号": "974",
	"名称": "回梦游仙",
	"效果说明": "气格满爆内功或大绝时，连爆两次"
},
{
	"技能编号": "975",
	"名称": "国士无双",
	"效果说明": "攻击防御时，按本身最高单系计算伤害"
},
{
	"技能编号": "976",
	"名称": "仁者无敌",
	"效果说明": "被攻击武功威力*85%，被双击时仅第一击受伤害，被暴击时按普通攻击计算伤害"
},
{
	"技能编号": "1035",
	"名称": "梵我如一",
	"效果说明": "每回合敌我双方受伤值-5，本方生命+500"
},
{
	"技能编号": "1036",
	"名称": "天镇武魂",
	"效果说明": "攻击如被闪避则追加攻击一次"
},
{
	"技能编号": "1037",
	"名称": "羿落天阳",
	"效果说明": "攻击伤害*（1+攻击距离/10）"
},
{
	"技能编号": "1038",
	"名称": "梵歌灵韵",
	"效果说明": "本方全体20%几率被攻击命中后受伤害减半"
},
{
	"技能编号": "1040",
	"名称": "幻法通玄",
	"效果说明": "装备五级内功，护体几率+20%，护体回合数为10回合"
},
{
	"技能编号": "1041",
	"名称": "追风逐电",
	"效果说明": "攻击后可附加移动一次，移动额外+3格"
},
{
	"技能编号": "1042",
	"名称": "睥世神绝",
	"效果说明": "当触发双击时，一定双击且暴击"
},
{
	"技能编号": "1043",
	"名称": "志垂日月",
	"效果说明": "行动结束后如还有气格，便可继续且仅攻击一次"
},
{
	"技能编号": "1044",
	"名称": "望雪颦愁",
	"效果说明": "被男性攻击时，免疫双击为一次攻击、免疫暴击为普通攻击"
},
{
	"技能编号": "1045",
	"名称": "百世经纶",
	"效果说明": "使用武功不消耗气格，每回合生命+500、内力+500、体力+5、受伤-5"
},
{
	"技能编号": "1046",
	"名称": "逆反回轮",
	"效果说明": "攻击命中*80%，武功威力*120%"
},
{
	"技能编号": "1048",
	"名称": "天诀逆佑",
	"效果说明": "被攻击命中降低50%，行动时序减半"
},
{
	"技能编号": "1049",
	"名称": "莲花落唱",
	"效果说明": "每次攻击命中后额外杀伤敌方当前内力值200"
},
{
	"技能编号": "1050",
	"名称": "圣烨明光",
	"效果说明": "被攻击命中*85%，自身每闪避一次，战场次序条+10%"
},
{
	"技能编号": "1051",
	"名称": "弑天殇阳",
	"效果说明": "攻击命中后敌方如中毒程度不为0，必随机获得一项不利状态"
},
{
	"技能编号": "1052",
	"名称": "虚步凌云",
	"效果说明": "轻功1.5倍加成武功威力，战斗中使用轻功、可移动距离额外+3格"
},
{
	"技能编号": "1053",
	"名称": "时乘六龙",
	"效果说明": "触发外功出招时，同时触发该招式所有外功"
},
{
	"技能编号": "1054",
	"名称": "风华绝代",
	"效果说明": "战场防御*120%，被攻击伤害*80%"
},
{
	"技能编号": "1055",
	"名称": "天威奋烈",
	"效果说明": "攻击如命中则追加攻击一次"
},
{
	"技能编号": "1056",
	"名称": "法身非相",
	"效果说明": "当爆内功或爆大绝时，一定同时爆内功且爆大绝"
},
{
	"技能编号": "1057",
	"名称": "暴雨梨花",
	"效果说明": "投掷暗器必中，暗器可同时攻击以目标为中心的九宫格范围之内的所有敌人"
},
{
	"技能编号": "1058",
	"名称": "天鹏万里",
	"效果说明": "成功闪避敌方攻击之后可立即对其执行一次额外反击"
},
{
	"技能编号": "1059",
	"名称": "天怒红莲",
	"效果说明": "对男性人物攻击伤害*120%，被男性人物攻击伤害*80%"
},
{
	"技能编号": "1060",
	"名称": "立心天地",
	"效果说明": "每回合行动前，气格回复全满"
},
{
	"技能编号": "1061",
	"名称": "凝元守一",
	"效果说明": "每回合行动后，气格回复全满"
},
{
	"技能编号": "1062",
	"名称": "天无尽藏",
	"效果说明": "装备内功双倍加成武功威力，爆内后清零受伤度，清除不良状态"
},
{
	"技能编号": "1063",
	"名称": "慈航静念",
	"效果说明": "当使用全力一击或凝神一击时，必定全力一击且凝神一击"
},
{
	"技能编号": "1064",
	"名称": "炽炎破军",
	"效果说明": "攻击时按敌方最低单系值计算伤害"
},
{
	"技能编号": "1065",
	"名称": "宝相霞光",
	"效果说明": "每多一项不利状态，战场攻击*110%，可叠加"
},
{
	"技能编号": "1066",
	"名称": "慧心禅定",
	"效果说明": "本方全体每回合体力+3，受伤度-5"
},
{
	"技能编号": "1067",
	"名称": "帝释天龙",
	"效果说明": "当触发破甲或突防时，必定破甲且突防"
},
{
	"技能编号": "1068",
	"名称": "圣光逆冥",
	"效果说明": "外功出招时必暴击"
},
{
	"技能编号": "1069",
	"名称": "雷殛电斩",
	"效果说明": "外功出招时必突防"
},
{
	"技能编号": "1070",
	"名称": "罗刹血劫",
	"效果说明": "外功出招时必破甲"
},
{
	"技能编号": "1071",
	"名称": "神游太虚",
	"效果说明": "闪避后气格回复全满"
},
{
	"技能编号": "1072",
	"名称": "悲天佛悯",
	"效果说明": "被击退时，敌方全体随机获得1项不利状态2回合"
}]