﻿[{
	"序号": "0",
	"名称": "惜花六如",
	"效果说明": "貌美如花、出手如电、料事如神、嫉恶如仇、挥金如土、惜花如命"
},
{
	"序号": "1",
	"名称": "雪山飞狐",
	"效果说明": "兵系武功破甲+20%；战场轻功+15%"
},
{
	"序号": "2",
	"名称": "素问天枢",
	"效果说明": "单体治疗队友时自身同等回血，医疗50%几率无视受伤，"
},
{
	"序号": "3",
	"名称": "金面仁佛",
	"效果说明": "使用所有武功威力+800"
},
{
	"序号": "5",
	"名称": "通微显化",
	"效果说明": "30%几率触发，本身攻击防御无视战场敌方武常"
},
{
	"序号": "6",
	"名称": "天青孤月",
	"效果说明": "装备倚天剑效果*150%，剑系武功攻击伤害+20%"
},
{
	"序号": "7",
	"名称": "铁琴先生",
	"效果说明": "被击退后，40%几率原地半血50伤复活本场战斗中一名退场队友"
},
{
	"序号": "8",
	"名称": "崆峒五老",
	"效果说明": "被击退后，30%几率原地半血50伤复活本场战斗中一名退场队友"
},
{
	"序号": "9",
	"名称": "乾坤日月",
	"效果说明": "免疫被击退进度条，50%几率免疫反击与先手攻击，"
},
{
	"序号": "10",
	"名称": "逍遥右仙",
	"效果说明": "剑法出招+30%，30%几率额外反伤50%"
},
{
	"序号": "11",
	"名称": "逍遥左仙",
	"效果说明": "外功出招+20%，30%几率使战场敌方女性行动次序-20%"
},
{
	"序号": "12",
	"名称": "白眉鹰王",
	"效果说明": "特系武功50%几率伤害*130%"
},
{
	"序号": "13",
	"名称": "金毛狮王",
	"效果说明": "外功出招50%几率破甲；免疫盲目效果，"
},
{
	"序号": "14",
	"名称": "青翼蝠王",
	"效果说明": "攻击吸血+30%，战场轻功*150%，自身行动次序50%几率+30%"
},
{
	"序号": "15",
	"名称": "紫衫龙王",
	"效果说明": "使用暗系武功攻击不命中机率降低50%；每击退一个以上敌人，20%几率再次行动"
},
{
	"序号": "16",
	"名称": "蝶谷医仙",
	"效果说明": "单体治疗队友时50%几率自身同等回血量*2；本方每被击退一名队友则自身+500血、500\n内、-5伤、+5体力"
},
{
	"序号": "17",
	"名称": "紫薇天鹰",
	"效果说明": "暗系武功攻击10%几率突防，命中后10%敌方盲目、剧毒3回合"
},
{
	"序号": "18",
	"名称": "混元霹雳",
	"效果说明": "特系武功破甲+20%；特系、拳系出招+15%"
},
{
	"序号": "19",
	"名称": "君子儒剑",
	"效果说明": "使用剑系武功20%几率三连击"
},
{
	"序号": "20",
	"名称": "潇湘夜雨",
	"效果说明": "爆大绝时30%几率全屏攻击"
},
{
	"序号": "21",
	"名称": "恒山三定",
	"效果说明": "被击退后，20%几率原地满状态复活本场战斗中一名退场队友"
},
{
	"序号": "22",
	"名称": "气盖嵩岳",
	"效果说明": "被攻击命中后20%几率敌方全体气格-1，我方全体气格+1；拳系、剑系出招+15"
},
{
	"序号": "23",
	"名称": "岱宗毅烈",
	"效果说明": "剑系武功20%几率伤害*150%"
},
{
	"序号": "24",
	"名称": "螺旋鬼影",
	"效果说明": "战场轻功+5%，剑系、拳系命中+10%"
},
{
	"序号": "25",
	"名称": "蓝翎彩凤",
	"效果说明": "使用暗系武功攻击不命中几率降低30%；被攻击命中时20%几率敌方剧毒3回合"
},
{
	"序号": "26",
	"名称": "九霄风雷",
	"效果说明": "剑系武功命中，50%几率造成受伤度+50%；攻击命中后额外杀伤等同HP的同等MP"
},
{
	"序号": "27",
	"名称": "东方不败",
	"效果说明": "20%概率无视攻击，攻击命中后，半即时下20%几率使敌人行动次序条后退20%"
},
{
	"序号": "28",
	"名称": "碧刀耀空",
	"效果说明": "本方每被击退一名队友则自身+500内；-5伤；+5体力"
},
{
	"序号": "29",
	"名称": "万里独行",
	"效果说明": "战场轻功+10%，兵系命中+10%"
},
{
	"序号": "31",
	"名称": "江南四友",
	"效果说明": "攻击伤害-10%，武功50%几率杀伤范围+1"
},
{
	"序号": "35",
	"名称": "醉仙狂剑",
	"效果说明": "每次被攻击则战场次序+5%，攻击命中后20%几率盲目、外伤3回合"
},
{
	"序号": "36",
	"名称": "泣血残阳",
	"效果说明": "自身行动次序+10%，50%几率额外反伤30%"
},
{
	"序号": "37",
	"名称": "云岭蕹刃",
	"效果说明": "和主角为友军、队友时，攻击伤害*主角道德/80；和主角为敌人时，攻击伤害*（160-主\n角道德）%"
},
{
	"序号": "38",
	"名称": "名相皆无",
	"效果说明": "自身攻击防御20%几率无视对方称号，20%几率无视对方特技"
},
{
	"序号": "39",
	"名称": "太玄隐龙",
	"效果说明": "击退敌人后，该敌人20%几率满状态复活，变成本方队友（优先于其他复活天赋特效）"
},
{
	"序号": "41",
	"名称": "善恶双使",
	"效果说明": "击退1人后回复500血-5伤，10%几率再动，"
},
{
	"序号": "44",
	"名称": "南海鳄神",
	"效果说明": "攻击对方40%几率按对方最低系数计算伤害"
},
{
	"序号": "45",
	"名称": "医敌阎罗",
	"效果说明": "单体治疗队友时50%几率自身同等回血量*2；武功杀伤范围+1，攻击伤害50%几率-10%"
},
{
	"序号": "46",
	"名称": "星宿老怪",
	"效果说明": "暗系武功命中，50%几率造成受伤度+50%；每击退一个敌人，附加造成该敌为中心九宫格\n内所有敌人各-200血"
},
{
	"序号": "47",
	"名称": "紫陌纤尘",
	"效果说明": "攻击命中、被攻击命中20%几率敌人随机负面状态2回合"
},
{
	"序号": "48",
	"名称": "铁面冰魔",
	"效果说明": "每回合行动前内伤清零；攻击命中、被攻击命中对手50%几率必剧毒3回合"
},
{
	"序号": "49",
	"名称": "慧心佛子",
	"效果说明": "行动后30%几率气格回复全满；暗系、拳系、特系出招+15%"
},
{
	"序号": "50",
	"名称": "绝峰天狼",
	"效果说明": "使用所有武功威力+1000；外功出招30%几率暴击；"
},
{
	"序号": "51",
	"名称": "皇图梦复",
	"效果说明": "被攻击时【斗转】状态20%几率反击两次"
},
{
	"序号": "52",
	"名称": "芙晓燕凌",
	"效果说明": "剑系武功50%几率杀伤范围+1；攻击命中、被攻击命中时20%几率敌方外伤3回合"
},
{
	"序号": "53",
	"名称": "痴魂禅心",
	"效果说明": "剑系武功破甲+20%；被攻击命中减少20%；20%几率攻击命中敌方,无任何伤害效果"
},
{
	"序号": "54",
	"名称": "碧血长风",
	"效果说明": "装备金蛇剑130%效果，外功出招30%几率破甲"
},
{
	"序号": "55",
	"名称": "侠之大者",
	"效果说明": "左右互博100%威力；被攻击命中30%几率伤害值减半；和主角为友军、队友时，攻击伤害\n*主角道德/100；和主角为敌人时，攻击伤害*（200-主角道德）%"
},
{
	"序号": "56",
	"名称": "蓬莱仙姿",
	"效果说明": "30%几率触发，我方战场行动次序条全体+10%，敌方战场行动次序条全体-10%"
},
{
	"序号": "57",
	"名称": "桃花岛主",
	"效果说明": "20%几率触发，敌方战场行动次序条全体-10%，敌方全军随机不利状态2回合"
},
{
	"序号": "58",
	"名称": "神雕大侠",
	"效果说明": "装备玄铁剑、神雕，效果*150%；剑系、拳系武功攻击威力+20%"
},
{
	"序号": "59",
	"名称": "瑶台清绝",
	"效果说明": "战场轻功+20%，攻击如命中20%几率追加攻击1次"
},
{
	"序号": "60",
	"名称": "白驼山主",
	"效果说明": "攻击伤害10%几率50%，10%几率75%，20%几率125%，20%几率150%"
},
{
	"序号": "61",
	"名称": "花间销魂",
	"效果说明": "20%几率使战场敌方女性行动次序-20%"
},
{
	"序号": "62",
	"名称": "龙象尊者",
	"效果说明": "特系武功命中，50%几率造成受伤度+50%；被外功出招命中，受伤害*70%"
},
{
	"序号": "63",
	"名称": "青箫落瑛",
	"效果说明": "15%几率触发，敌方战场行动次序条全体-10%；同时解除本方队友每人随机一项不利状态"
},
{
	"序号": "64",
	"名称": "天武童意",
	"效果说明": "自身攻击防御30%几率无视对方称号，"
},
{
	"序号": "65",
	"名称": "帝梦无痕",
	"效果说明": "特系武功突防+20%；攻击命中10%几率点穴2回合；"
},
{
	"序号": "66",
	"名称": "流水逝风",
	"效果说明": "20%几率触发，我方战场行动次序条全体+10%，全体气格+1"
},
{
	"序号": "67",
	"名称": "铁掌飘萍",
	"效果说明": "拳系武功破甲+20%；战场轻功+20%"
},
{
	"序号": "68",
	"名称": "长春真人",
	"效果说明": "被击退后，40%几率原地满状态复活本场战斗中一名退场队友"
},
{
	"序号": "69",
	"名称": "九指神丐",
	"效果说明": "服药效果3倍；拳系、兵系出招+15%"
},
{
	"序号": "70",
	"名称": "伏虎降龙",
	"效果说明": "拳系武功命中，50%几率造成受伤度+50%；攻击命中后20%几率虚弱、内伤3回合"
},
{
	"序号": "73",
	"名称": "竹影清韵",
	"效果说明": "攻击敌方命中，30%几率触发一次本方全体不利状态清除"
},
{
	"序号": "74",
	"名称": "翠羽黄衫",
	"效果说明": "30%几率触发，敌方战场行动次序条全体-15%"
},
{
	"序号": "75",
	"名称": "百错书生",
	"效果说明": "被攻击命中时，40%概率全场敌方-1气格"
},
{
	"序号": "76",
	"名称": "琅寰仙姝",
	"效果说明": "本方战场武常*110%，我方全体外功出招+10%；自身攻防时，敌方武常50%几率减半计\n算；"
},
{
	"序号": "77",
	"名称": "鸯旋竞秀",
	"效果说明": "使用兵系武功攻击不命中机率降低50%；自身与主角攻击双击率+10%"
},
{
	"序号": "78",
	"名称": "桃英若华",
	"效果说明": "免疫盲目效果，15%几率被攻击无效；攻击破甲+20%"
},
{
	"序号": "79",
	"名称": "珊瑚眸灵",
	"效果说明": "使用剑系武功攻击不命中机率降低30%，剑系出招+15%"
},
{
	"序号": "80",
	"名称": "火手判官",
	"效果说明": "装备凝碧剑150%效果，外功出招30%几率破甲"
},
{
	"序号": "81",
	"名称": "雪岭灵姝",
	"效果说明": "被攻击命中时20%几率敌方盲目、内伤3回合；获得负面效果后，20%概率将随机一项负面\n效果反弹回敌方"
},
{
	"序号": "82",
	"名称": "玉面孟尝",
	"效果说明": "攻击伤害*（1+战场上本方女性人数/50）"
},
{
	"序号": "83",
	"名称": "凤波拂云",
	"效果说明": "武功攻击范围+1；不命中机率降低30%；外功出招+15%"
},
{
	"序号": "84",
	"名称": "天风星坠",
	"效果说明": "本方每被击退一名队友则自身+1500血、+1500内"
},
{
	"序号": "85",
	"名称": "着手回春",
	"效果说明": "攻击命中或闪避攻击后，50%几率回血500HP"
},
{
	"序号": "86",
	"名称": "金珂玉叶",
	"效果说明": "被攻击命中，攻击方的气格-1；获得负面效果后30%概率回复1000内体力10"
},
{
	"序号": "87",
	"名称": "玲珑玉面",
	"效果说明": "攻击命中20%几率虚弱、定身状态3回合；攻击伤害*（1+战场上本方男性人数/30）"
},
{
	"序号": "88",
	"名称": "玄冥二老",
	"效果说明": "拳系武功突防+20%；攻击吸血+40%"
},
{
	"序号": "90",
	"名称": "钟毓灵秀",
	"效果说明": "每回合50%几率自动解除自身所有不利状态；攻击命中时20%几率敌方剧毒3回合"
},
{
	"序号": "91",
	"名称": "青青子衿",
	"效果说明": "自身与主角攻击暴击率、双击率+10%"
},
{
	"序号": "92",
	"名称": "沅芷澧兰",
	"效果说明": "每回合解除自身所有不利状态；获得负面效果后30%概率回复血1000体力10"
},
{
	"序号": "97",
	"名称": "血海无涯",
	"效果说明": "每击退一个等级低于自己的敌人，30%几率使其满状态复活，变成本方队友（优先于其他\n复活天赋特效）"
},
{
	"序号": "101",
	"名称": "襄采倩心",
	"效果说明": "获得负面效果后20%概率免疫，并将负面效果反弹回敌方；外功出招+15%"
},
{
	"序号": "102",
	"名称": "智敏狐机",
	"效果说明": "30%几率触发，我方战场行动次序条全体+15%"
},
{
	"序号": "103",
	"名称": "大轮明王",
	"效果说明": "兵系武功突防+20%；被外功出招命中，受伤害*50%"
},
{
	"序号": "104",
	"名称": "曲夕烟隙",
	"效果说明": "暗系武功攻击，50%几率杀伤范围+1；被敌方攻击命中，30%几率自身全部不利状态清除"
},
{
	"序号": "105",
	"名称": "芷芳若汀",
	"效果说明": "自身行动次序+15%，外功出招20%几率突防"
},
{
	"序号": "106",
	"名称": "姑射天姿",
	"效果说明": "战场轻功+10%，战场次序+10%，攻击如不命中20%几率追加攻击1次"
},
{
	"序号": "107",
	"名称": "南天一柱",
	"效果说明": "外功出招50%几率突防；剑系、特系出招+20%"
},
{
	"序号": "108",
	"名称": "缱绻留香",
	"效果说明": "被女性攻击时15%几率无伤害，15%几率受伤度减半，15%几率伤害值减半"
},
{
	"序号": "109",
	"名称": "乱刃绝情",
	"效果说明": "20%几率被攻击无效，外功出招20%几率破甲"
},
{
	"序号": "110",
	"名称": "南柯天地",
	"效果说明": "被攻击命中后20%几率敌方全体气格-2，我方全体气格+2"
},
{
	"序号": "111",
	"名称": "玉山天雪",
	"效果说明": "每回合50%几率解除本方每人随机一项不利状态；获得负面效果后30%概率回复内1000体\n力10"
},
{
	"序号": "112",
	"名称": "黑水贪狼",
	"效果说明": "自身行动次序+20%，外功出招30%几率突防"
},
{
	"序号": "113",
	"名称": "参合潜龙",
	"效果说明": "被攻击时【斗转】状态必反击两次，20%几率群体反击1次"
},
{
	"序号": "114",
	"名称": "至圣无名",
	"效果说明": "攻击杀死敌人后，该敌人50%几率满状态复活，变成本方队友（优先于其他复活天赋特效\n）"
},
{
	"序号": "115",
	"名称": "凤钗紫影",
	"效果说明": "攻击与被攻击命中，气格额外+1；兵系武功攻击，50%几率杀伤范围+1；"
},
{
	"序号": "116",
	"名称": "北冥极渊",
	"效果说明": "30%几率，大绝、内功连爆3次"
},
{
	"序号": "117",
	"名称": "天山童姥",
	"效果说明": "攻击突防+10%、破甲+10%；每过30回合，30%几率状态回复全满，30%几率血内回复\n全满"
},
{
	"序号": "118",
	"名称": "秋水伊人",
	"效果说明": "敌方全体每回合30%几率附加随机一个不利状态2回合；攻击伤害*（1+战场上全体男性人\n数/50）"
},
{
	"序号": "119",
	"名称": "点苍渔隐",
	"效果说明": "攻击对方20%几率按对方最低系数计算伤害"
},
{
	"序号": "124",
	"名称": "碧落怡心",
	"效果说明": "获得负面效果后，30%概率将随机一项负面效果反弹回敌方，同时自身气格额外+1"
},
{
	"序号": "125",
	"名称": "剑舞霜屏",
	"效果说明": "被攻击命中，攻击方的气格-1；每回合50%几率解除自身随机一项不利状态"
},
{
	"序号": "126",
	"名称": "瑶雪湍芯",
	"效果说明": "退出战场时30%几率本方全体+1500内、+15体力"
},
{
	"序号": "127",
	"名称": "灵鹫针神",
	"效果说明": "我方被破甲时30%几率免疫"
},
{
	"序号": "129",
	"名称": "神通开化",
	"效果说明": "自身攻击防御30%几率无视对方天赋，"
},
{
	"序号": "130",
	"名称": "飞天蝙蝠",
	"效果说明": "免疫盲目效果；被击退后，20%几率原地半血50伤复活本场战斗中一名退场队友"
},
{
	"序号": "131",
	"名称": "妙手书生",
	"效果说明": "被击退后，20%几率原地半血50伤复活本场战斗中一名退场队友"
},
{
	"序号": "136",
	"名称": "素女飘尘",
	"效果说明": "剑系武功20%几率伤害*120%；被击退后，20%几率原地半血50伤复活本场战斗中一名退\n场队友"
},
{
	"序号": "140",
	"名称": "圣岳剑尊",
	"效果说明": "剑系武功突防+20%；先手攻击命中+20%，"
},
{
	"序号": "141",
	"名称": "绦珠神瑛",
	"效果说明": "20%几率触发，敌方战场行动次序条全体-10%、全体气格-1"
},
{
	"序号": "142",
	"名称": "清风神剑",
	"效果说明": "剑系武功命中，30%几率造成受伤度+100%"
},
{
	"序号": "143",
	"名称": "桃谷六仙",
	"效果说明": "被击退后，10%几率原地半血50伤复活本场战斗中一名退场队友"
},
{
	"序号": "144",
	"名称": "凌云凤曜",
	"效果说明": "攻击突防+15%；被攻击命中，50%几率攻击方的气格-2"
},
{
	"序号": "145",
	"名称": "婉兮清扬",
	"效果说明": "暗系武功攻击杀伤范围+1；被攻击命中时50%几率自身气格额外+1"
},
{
	"序号": "146",
	"名称": "银弧弄月",
	"效果说明": "攻击命中自身气格额外+1，10%几率由场上随机一名等级不高于自己的队友替自己承担被\n攻击伤害"
},
{
	"序号": "147",
	"名称": "水穆清扬",
	"效果说明": "攻击不命中时，目标仍受到应受伤害*20%；攻击伤害*主角道德/80"
},
{
	"序号": "148",
	"名称": "朔漠天铃",
	"效果说明": "每击退一个敌人，己方全体+500MP；自身与主角攻击暴击率+10%"
},
{
	"序号": "149",
	"名称": "幻佛证法",
	"效果说明": "拳系武功20%几率伤害*150%"
},
{
	"序号": "150",
	"名称": "玄元真武",
	"效果说明": "剑系武功50%几率伤害*130%"
},
{
	"序号": "151",
	"名称": "奔雷驭电",
	"效果说明": "拳系武功命中，30%几率造成受伤度+100%"
},
{
	"序号": "152",
	"名称": "逐风电剑",
	"效果说明": "战场轻功+5%，战场次序+5%，攻击则10%几率追加攻击1次"
},
{
	"序号": "153",
	"名称": "千臂如来",
	"效果说明": "暗系武功突防+20%；暗系武功攻击距离+3"
},
{
	"序号": "154",
	"名称": "鸳鸯谐鸣",
	"效果说明": "兵系武功攻击，50%几率杀伤范围+1；自身获得负面效果后，20%概率将该负面效果反弹\n回敌方；"
},
{
	"序号": "157",
	"名称": "枭心魃行",
	"效果说明": "本方每被击退一名队友则自身-10伤，+1000血，"
},
{
	"序号": "159",
	"名称": "摩迦蟒神",
	"效果说明": "特系武功30%几率伤害*150%"
},
{
	"序号": "160",
	"名称": "巨力金刚",
	"效果说明": "兵系武功命中，30%几率造成受伤度+100%"
},
{
	"序号": "161",
	"名称": "赤练仙子",
	"效果说明": "攻击命中后30%几率敌方受伤度*200%，30%几率剧毒、外伤效果3回合"
},
{
	"序号": "162",
	"名称": "不三不四",
	"效果说明": "自身攻击防御，敌方阵法效果减半"
},
{
	"序号": "164",
	"名称": "水月银銮",
	"效果说明": "攻击后自身气格额外+1；被攻击命中时20%几率敌方虚弱、定身3回合"
},
{
	"序号": "167",
	"名称": "昆仑三圣",
	"效果说明": "战场暗毒、御剑、指腿系数*120%；行动后50%几率气格回复全满；"
},
{
	"序号": "171",
	"名称": "金蛇郎君",
	"效果说明": "行动次序+10%，装备金蛇剑效果150%"
},
{
	"序号": "172",
	"名称": "武当七侠",
	"效果说明": "被击退后，50%几率原地半血50伤复活本场战斗中一名退场队友"
},
{
	"序号": "173",
	"名称": "风云三使",
	"效果说明": "攻击命中后，半即时下20%几率使敌人行动次序条后退10%"
},
{
	"序号": "175",
	"名称": "月曜星明",
	"效果说明": "自身行动次序+10%；攻击命中后，半即时下15%几率使敌人行动次序条后退10%"
},
{
	"序号": "177",
	"名称": "笑靥春花",
	"效果说明": "拳系武功攻击杀伤范围+1，不命中机率降低15%；外功出招+10%"
},
{
	"序号": "178",
	"名称": "梅若芳菲",
	"效果说明": "使用拳系武功攻击不命中机率降低50%；攻击命中后30%几率敌方受伤度*150%"
},
{
	"序号": "179",
	"名称": "寒露清梦",
	"效果说明": "敌方全体每回合20%几率附加随机一个不利状态2回合；15%几率由场上随机一名等级不高\n于自己的队友替自己承担被攻击伤害"
},
{
	"序号": "180",
	"名称": "疏影暗香",
	"效果说明": "使用拳系武功攻击不命中机率降低30%；被击退后，10%几率原地满状态复活本场战斗中\n一名退场队友"
},
{
	"序号": "181",
	"名称": "紫檀含馨",
	"效果说明": "使用剑系武功攻击不命中机率降低30%；被击退后，10%几率原地满状态复活本场战斗中\n一名退场队友"
},
{
	"序号": "182",
	"名称": "翠烟幽玉",
	"效果说明": "使用兵系武功攻击不命中机率降低30%；被击退后，10%几率原地满状态复活本场战斗中\n一名退场队友"
},
{
	"序号": "183",
	"名称": "金蕊流霞",
	"效果说明": "使用特系武功攻击不命中机率降低30%；被击退后，10%几率原地满状态复活本场战斗中\n一名退场队友"
},
{
	"序号": "185",
	"名称": "神剑仙猿",
	"效果说明": "剑系出招+30%，被剑系攻击伤害减半"
},
{
	"序号": "186",
	"名称": "神拳无敌",
	"效果说明": "拳系武功50%几率伤害*130%"
},
{
	"序号": "187",
	"名称": "天魁地宝",
	"效果说明": "20%概率无视攻击，10%概率被攻击威力减半，10%概率被攻击伤害减半"
},
{
	"序号": "188",
	"名称": "天山剑神",
	"效果说明": "剑系武功50%几率杀伤范围+2"
},
{
	"序号": "213",
	"名称": "冷面鬼魅",
	"效果说明": "被攻击命中后30%几率敌方全体气格-1，我方全体气格+1"
},
{
	"序号": "220",
	"名称": "花开萼落",
	"效果说明": "退出战场时30%几率本方全体+1500血，-15伤"
},
{
	"序号": "221",
	"名称": "雪妆绣心",
	"效果说明": "我方被突防时30%几率免疫"
},
{
	"序号": "222",
	"名称": "蛛影倩魂",
	"效果说明": "特系武功20%几率伤害*120%；被攻击命中时20%几率敌方厌食3回合"
},
{
	"序号": "223",
	"名称": "双飞比翼",
	"效果说明": "（为队友或友军时）30%几率替主角承受被攻击命中造成的所有负面状态；如主角被击退\n，自身30%几率退场换得主角原地半血满伤复活；"
},
{
	"序号": "224",
	"名称": "薛禅天戈",
	"效果说明": "20%概率被攻击威力减半，20%概率被攻击伤害减半；30%几率由场上随机一名等级不高\n于自己的队友替自己承担被攻击伤害"
},
{
	"序号": "225",
	"名称": "听香暖玉",
	"效果说明": "每回合解除自身及主角随机一项不利状态；30%几率替主角承受伤害"
},
{
	"序号": "226",
	"名称": "琴韵温香",
	"效果说明": "暗系攻击破甲+15%；攻击敌方命中，30%几率触发一次主角及自身全部不利状态清除"
},
{
	"序号": "227",
	"名称": "梵音依人",
	"效果说明": "单体治疗队友时50%几率自身同等回血；每回合30%几率解除本方队友每人随机一项不利\n状态"
},
{
	"序号": "229",
	"名称": "越女剑仙",
	"效果说明": "自身攻击防御30%几率无视对方称号，30%几率无视对方特技，被剑系武功攻击伤害减半"
},
{
	"序号": "230",
	"名称": "蝶舞倾城",
	"效果说明": "被攻击伤害*（1-战场上全体男性人数/100)，被攻击命中*（1-战场上全体男性人数/100\n)"
},
{
	"序号": "231",
	"名称": "冰雪神剑",
	"效果说明": "使用剑系武功攻击不命中机率降低50%；剑系攻击命中，10%几率点穴2回合"
},
{
	"序号": "232",
	"名称": "金铃佩环",
	"效果说明": "拳系武功50%几率杀伤范围+1、50%伤害*120%"
},
{
	"序号": "233",
	"名称": "宛若缤华",
	"效果说明": "兵系武功20%几率伤害*120%；凝神一击伤害*150%"
},
{
	"序号": "234",
	"名称": "幻彩冰清",
	"效果说明": "剑系武功杀伤范围+1；剑系破甲+10%"
},
{
	"序号": "235",
	"名称": "蝶魂花恋",
	"效果说明": "被攻击命中后，30%几率额外反伤20%，自身气格额外+1"
},
{
	"序号": "236",
	"名称": "芙华靓影",
	"效果说明": "全力一击时30%几率伤害值*200%，攻击命中20%几率内伤、外伤效果"
},
{
	"序号": "237",
	"名称": "古皇今圣",
	"效果说明": "获得负面效果后20%概率将负面效果反弹回敌方"
},
{
	"序号": "242",
	"名称": "聪辩先生",
	"效果说明": "战场五系*120%，武功杀伤范围+2，攻击伤害30%几率-10%，"
},
{
	"序号": "243",
	"名称": "千变万劫",
	"效果说明": "暗系武功20%几率伤害*150%"
},
{
	"序号": "244",
	"名称": "傲剑孤銮",
	"效果说明": "被攻击命中时，20%概率全场敌方-1气格"
},
{
	"序号": "245",
	"名称": "金乌紫烟",
	"效果说明": "攻击对方30%几率按对方最低系数计算伤害"
},
{
	"序号": "246",
	"名称": "铁骨墨萼",
	"效果说明": "20%几率被攻击无效，免疫破甲"
},
{
	"序号": "248",
	"名称": "毒剑灵蛇",
	"效果说明": "攻击不命中时，目标50%几率仍受到应受伤害*30%"
},
{
	"序号": "249",
	"名称": "生灵聚阵",
	"效果说明": "退出战场时50%几率本方全体+1500内"
},
{
	"序号": "251",
	"名称": "血海修罗",
	"效果说明": "每击退一个敌人自身+500血、+500内、+5体力、-5伤；击退一个敌人后50%几率再次行\n动"
},
{
	"序号": "256",
	"名称": "叶落菩提",
	"效果说明": "退出战场时50%几率本方全体-15伤"
},
{
	"序号": "261",
	"名称": "侠义如风",
	"效果说明": "攻击伤害*（战场本方包括友军人数/10），只剩自己1人时无效果"
},
{
	"序号": "263",
	"名称": "甘霖七省",
	"效果说明": "使用所有武功威力+500"
},
{
	"序号": "267",
	"名称": "仁义刀铭",
	"效果说明": "本方每被击退一名队友则自身+500血、-5伤；"
},
{
	"序号": "272",
	"名称": "明镜无尘",
	"效果说明": "攻击命中或闪避攻击后，50%几率回内1000MP"
},
{
	"序号": "274",
	"名称": "大五云手",
	"效果说明": "本方每被击退一名队友则自身+500血、+500内；"
},
{
	"序号": "277",
	"名称": "太上天魔",
	"效果说明": "15%无视攻击，15%伤害减半、免受伤，15%满血复活，15%复活队友，15%先手攻击，\n15%攻击伤害加倍"
},
{
	"序号": "295",
	"名称": "逆浪长鲸",
	"效果说明": "特系武功命中，30%几率造成受伤度+100%"
},
{
	"序号": "300",
	"名称": "铁拐疾风",
	"效果说明": "20%几率被攻击无效；攻击破甲+20%；"
},
{
	"序号": "307",
	"名称": "儒冠秀士",
	"效果说明": "兵系武功30%几率伤害*150%"
},
{
	"序号": "311",
	"名称": "玉树芝兰",
	"效果说明": "被攻击伤害*（1-战场上全体女性人数/100)"
},
{
	"序号": "314",
	"名称": "天波怒潮",
	"效果说明": "爆大绝时20%几率全屏攻击"
},
{
	"序号": "325",
	"名称": "至武宝树",
	"效果说明": "被击退后，30%几率原地满状态复活本场战斗中一名退场队友"
},
{
	"序号": "326",
	"名称": "骄宁蛮凤",
	"效果说明": "被攻击后30%几率受伤度清零，自身气格额外+1"
},
{
	"序号": "327",
	"名称": "人淡如菊",
	"效果说明": "获得负面效果后30%概率回复血1000内1000；被攻击命中时20%几率敌方剧毒、封气3回\n合"
},
{
	"序号": "328",
	"名称": "冰霜天女",
	"效果说明": "兵系武功攻击杀伤范围+1；被攻击命中时20%几率敌方定身3回合"
},
{
	"序号": "329",
	"名称": "飒爽英虹",
	"效果说明": "每回合本方所有女性气格+1；特系武功攻击，50%几率杀伤范围+1"
},
{
	"序号": "330",
	"名称": "梦影蝶翩",
	"效果说明": "攻击或闪避，自身气格50%几率额外+1"
},
{
	"序号": "331",
	"名称": "秋山落枫",
	"效果说明": "攻击伤害5%几率70%，5%几率85%，10%几率115%，10%几率130%"
},
{
	"序号": "340",
	"名称": "嘉勇安康",
	"效果说明": "每击退一个以上敌人，30%几率己方全体-10伤"
},
{
	"序号": "349",
	"名称": "塞上天鸿",
	"效果说明": "暗系武功20%几率伤害*120%；使用暗系武功攻击不命中机率降低20%"
},
{
	"序号": "350",
	"名称": "古墓黄衫",
	"效果说明": "特系武功攻击不命中机率降低50%；特系武功攻击突防+15%"
},
{
	"序号": "351",
	"名称": "无剑真魔",
	"效果说明": "30%几率触发，先手攻击为范围攻击"
},
{
	"序号": "352",
	"名称": "解语红妆",
	"效果说明": "每回合解除自身随机一项不利状态"
},
{
	"序号": "353",
	"名称": "精忠武穆",
	"效果说明": "30%几率触发，敌方战场行动次序条全体-10%，全体气格-1；本方战场行动次序条全体\n+10%，我方全体气格+1"
},
{
	"序号": "354",
	"名称": "天仙锁魂",
	"效果说明": "敌方全体每回合30%几率附加随机一个不利状态2回合；被攻击命中*（1-战场上全体男性\n人数/100)"
},
{
	"序号": "363",
	"名称": "烈焰歧鸿",
	"效果说明": "自身攻击防御，敌方阵法效果归零"
},
{
	"序号": "366",
	"名称": "平西冲冠",
	"效果说明": "10%几率触发，敌方战场行动次序条全体-10%，全体气格-1；本方战场行动次序条全体\n+10%，我方全体气格+1"
},
{
	"序号": "368",
	"名称": "星旗电戟",
	"效果说明": "每击退一个以上敌人，50%几率己方全体-5伤，+500HP"
},
{
	"序号": "370",
	"名称": "星渊镇法",
	"效果说明": "被攻击时【星璇】状态30%几率群体反击2次"
},
{
	"序号": "374",
	"名称": "毒手药王",
	"效果说明": "单体治疗队友时50%几率自身同等回血量*2；每击退一名敌人则自身+1000血、1000内、\n-10伤、+10体力"
},
{
	"序号": "375",
	"名称": "天煞孤星",
	"效果说明": "单体治疗队友时50%几率自身同等回血量*2；本方每被击退一名队友则自身+1000血、10\n00内、-10伤、+10体力；每击退一名敌人则自身+1000血、1000内、-10伤、+10体力"
},
{
	"序号": "383",
	"名称": "艳冠秦淮",
	"效果说明": "被攻击伤害*（1-战场上全体男性人数/100)"
},
{
	"序号": "394",
	"名称": "人我四相",
	"效果说明": "自身阵法1.5倍效果"
},
{
	"序号": "401",
	"名称": "康王幻梦",
	"效果说明": "暗系武功破甲+20%；暗系武功攻击范围+2"
},
{
	"序号": "403",
	"名称": "银叶先生",
	"效果说明": "被攻击命中，30%几率敌方全体气格-2"
},
{
	"序号": "408",
	"名称": "妙笔卦生",
	"效果说明": "本方每被击退一名队友则自身+1000血，1000内；"
},
{
	"序号": "409",
	"名称": "锐金旗使",
	"效果说明": "攻击对方50%几率按对方最低系数计算伤害"
},
{
	"序号": "415",
	"名称": "天道逍遥",
	"效果说明": "外功必出招；每过30回合，40%几率状态回复全满，40%几率血内回复全满"
},
{
	"序号": "420",
	"名称": "百胜刀王",
	"效果说明": "兵系武功命中，50%几率造成受伤度+50%；战场行动次序+10%"
},
{
	"序号": "422",
	"名称": "七妙灵猴",
	"效果说明": "行动次序+10%，被攻击命中后20%几率敌方全体气格-1，我方全体气格+1"
},
{
	"序号": "423",
	"名称": "金刚法尊",
	"效果说明": "被攻击命中，30%几率清除敌方气格"
},
{
	"序号": "425",
	"名称": "九天乾阳",
	"效果说明": "50%几率免疫反击与先手攻击，100%几率额外反伤40%"
},
{
	"序号": "426",
	"名称": "剑辟万邪",
	"效果说明": "自身行动次序+30%，外功出招20%几率突防"
},
{
	"序号": "431",
	"名称": "大嵩阳手",
	"效果说明": "每击退一个敌人自身+800血、+800内、+8体力、-8伤；击退一个敌人后30%几率再次行\n动"
},
{
	"序号": "457",
	"名称": "悲天虹寂",
	"效果说明": "退出战场时50%几率本方全体+1500血"
},
{
	"序号": "460",
	"名称": "芸远桓尘",
	"效果说明": "主动攻击命中后30%几率清除对方回合类特技状态"
},
{
	"序号": "473",
	"名称": "天道损益",
	"效果说明": "自身攻击防御30%几率无视对方特技，"
},
{
	"序号": "475",
	"名称": "超凡入圣",
	"效果说明": "30%几率满状态复活一次（且同场战斗仅一次）， 30%几率服药后药品数量不减少"
},
{
	"序号": "477",
	"名称": "太白谪仙",
	"效果说明": "被攻击命中时，60%概率全场敌方-1气格"
},
{
	"序号": "479",
	"名称": "造化天人",
	"效果说明": "每次攻击后自动回复当前血量3%，20%几率可以再次行动1次"
},
{
	"序号": "480",
	"名称": "乾阳济世",
	"效果说明": "50%几率受伤害减半，100%额外反伤50%"
},
{
	"序号": "481",
	"名称": "妙法莲华",
	"效果说明": "免疫外功出招伤害；暗系、兵系、特系出招+20%"
},
{
	"序号": "482",
	"名称": "山中老人",
	"效果说明": "攻击命中20%机率伤害*150%，20%机率内伤、盲目3回合"
},
{
	"序号": "483",
	"名称": "圣火明尊",
	"效果说明": "100%免疫反击与先手攻击，50%几率额外反伤40%"
},
{
	"序号": "484",
	"名称": "湛然神光",
	"效果说明": "爆大绝时40%几率全屏攻击"
},
{
	"序号": "494",
	"名称": "背嵬破军",
	"效果说明": "攻击不命中时，目标50%几率仍受到应受伤害*50%"
},
{
	"序号": "518",
	"名称": "姽画银屏",
	"效果说明": "攻击不命中时，目标50%几率仍受到应受伤害*40%"
},
{
	"序号": "526",
	"名称": "阳明真圣",
	"效果说明": "爆大绝时50%几率全屏攻击"
},
{
	"序号": "529",
	"名称": "明宸圣公",
	"效果说明": "50%几率免疫反击与先手攻击，50%几率额外反伤50%"
},
{
	"序号": "536",
	"名称": "函谷花痴",
	"效果说明": "武功杀伤范围+1，攻击伤害50%几率-10%，"
},
{
	"序号": "573",
	"名称": "九界佛皇",
	"效果说明": "20%几率触发，敌方战场行动次序条全体-10%，全体气格-1；本方战场行动次序条全体\n+10%，我方全体气格+1"
},
{
	"序号": "577",
	"名称": "巧盼嫣然",
	"效果说明": "攻击敌方命中，10%几率触发一次本方全体不利状态清除；20%几率由场上随机一名等级\n不高于自己的队友替自己承担被攻击伤害"
},
{
	"序号": "591",
	"名称": "龙腾剑岳",
	"效果说明": "兵系武功50%几率伤害*130%"
},
{
	"序号": "597",
	"名称": "因果转轮",
	"效果说明": "被击退后，50%几率原地满状态复活本场战斗中一名退场队友"
},
{
	"序号": "618",
	"名称": "神罗天征",
	"效果说明": "每击退一个以上敌人，30%几率己方全体-5伤，+500HP"
},
{
	"序号": "623",
	"名称": "锐锋冠世",
	"效果说明": "每击退一个以上敌人，30%几率己方全体+1000HP"
},
{
	"序号": "636",
	"名称": "天域瘸魔",
	"效果说明": "每击退一个以上敌人，50%几率己方全体+1000HP"
},
{
	"序号": "641",
	"名称": "神机先生",
	"效果说明": "暗系武功50%几率伤害*130%"
},
{
	"序号": "675",
	"名称": "朔海定边",
	"效果说明": "每击退一个以上敌人，50%几率己方全体-10伤"
},
{
	"序号": "676",
	"名称": "鬼门龙王",
	"效果说明": "本方每被击退一名队友则自身+1000内，-10伤，+10体力"
},
{
	"序号": "694",
	"名称": "烽火流星",
	"效果说明": "每击退一个以上敌人，20%几率触发，本方全体+500血；20%再次行动"
},
{
	"序号": "718",
	"名称": "达摩首座",
	"效果说明": "暗系武功命中，30%几率造成受伤度+100%"
}]